item_id,content_hash,flesch_kincaid_grade,mean_sentence_length,med_term_density,word_count,sentence_count
meqsum_0001,5c3ec4b47c410388,7.57,14.0,13.793,28,2
meqsum_0002,be09354195ad58c9,8.587,24.25,12.245,97,4
meqsum_0003,81974348fc86ffd2,10.31,23.0,4.348,23,1
meqsum_0004,ffd44b70744c891c,5.3,15.5,16.129,31,2
meqsum_0005,1c5f4615259ce184,9.259,16.75,13.235,67,4
meqsum_0006,20c47856d3896b3f,6.132,11.0,11.364,44,4
meqsum_0007,28e737f645a66222,7.365,13.75,14.545,55,4
meqsum_0008,74f75f425c454511,7.946,12.7,11.719,127,10
meqsum_0009,7704d3199425fe58,3.761,11.4,7.018,57,5
meqsum_0010,8e69e090dd6ef6ae,10.249,20.5,9.524,41,2
meqsum_0011,ee5d9a93cafcf376,8.905,13.5,7.407,27,2
meqsum_0012,29928fc4fd6bd5e2,7.304,15.0,21.277,45,3
meqsum_0013,faddc5719efc6af9,12.187,28.0,14.286,28,1
meqsum_0014,e8bf2a72bde9ae1a,11.094,9.5,36.842,19,2
meqsum_0015,d84960626f274331,8.74,17.0,7.843,102,6
meqsum_0016,4f71d63397ad0278,5.54,13.333,12.5,40,3
meqsum_0017,4ede2c034ce1f274,7.799,16.833,14.851,101,6
meqsum_0018,afa6dc6fd465aa21,7.592,15.667,12.766,47,3
meqsum_0019,3589193334095444,10.525,12.5,4.0,25,2
meqsum_0020,16a3c2fc0b475c46,7.61,10.5,19.048,21,2
meqsum_0021,759d8e37e04d0faf,8.7,9.333,25.0,28,3
meqsum_0022,a428330bfb1b953f,14.779,13.667,21.429,41,3
meqsum_0023,ea6f673f4ee45bc3,4.921,12.25,10.135,147,12
meqsum_0024,58c2584f1b8fbc23,6.1,9.6,17.308,48,5
meqsum_0025,33994ed01939a741,6.749,12.5,46.154,25,2
meqsum_0026,f9afc53feae45c5a,3.26,11.5,6.522,46,4
meqsum_0027,a0ca65a93159d68b,14.702,18.0,30.556,36,2
meqsum_0028,e7a37deabcd6de87,6.383,7.667,0.0,23,3
meqsum_0029,d403b0cc9daaf012,6.516,10.0,10.0,70,7
meqsum_0030,a3d332b7d94c5739,10.068,12.0,8.108,36,3
meqsum_0031,9e7ea04d4783043e,2.84,9.125,5.333,73,8
meqsum_0032,aa9d127f7bdd80ee,9.246,11.5,23.188,69,6
meqsum_0033,28c3844afc92c613,15.798,41.0,15.854,82,2
meqsum_0034,84675d9ed4406f6e,7.694,13.625,7.018,109,8
meqsum_0035,1056336beae621a5,0.517,6.0,33.333,12,2
meqsum_0036,b1bedf9b83805ef6,9.487,15.5,20.588,31,2
meqsum_0037,c6fc219b41f4682d,5.42,10.0,20.0,20,2
meqsum_0038,4c67612822a8b58b,5.092,12.778,7.463,115,9
meqsum_0039,efafc9a31c4cd860,8.986,14.5,20.339,58,4
meqsum_0040,401af765ae15ca7b,6.574,13.5,9.756,81,6
meqsum_0041,3fe81bdfe74df61d,8.193,21.0,5.952,84,4
meqsum_0042,834fac1ea3f2e3cf,8.842,16.0,26.531,48,3
meqsum_0043,8dc5e2b08528e9f4,3.718,11.0,18.182,22,2
meqsum_0044,61d4d262fb2b07e6,6.078,13.75,7.273,55,4
meqsum_0045,0db18aa967e0057c,8.37,10.0,6.667,30,3
meqsum_0046,58d706250e190d14,9.797,16.5,15.152,33,2
meqsum_0047,01f499b5801c5d9a,7.025,14.667,11.364,44,3
meqsum_0048,bb16645f3d7cb802,6.531,14.714,13.208,103,7
meqsum_0049,40ea219536b689cf,10.68,25.0,4.0,50,2
meqsum_0050,7eb1420c33bfd399,6.118,12.667,10.526,38,3
meqsum_0051,7af639bb36d29e8f,7.348,15.143,14.151,106,7
meqsum_0052,6fffdd3c9af82d2c,15.64,12.0,16.667,12,1
meqsum_0053,b932ef583414b5e2,10.358,21.5,9.302,43,2
meqsum_0054,8d12e2127f6a3b34,16.858,22.0,22.222,44,2
meqsum_0055,5438105dbf410e7a,9.375,10.333,24.242,31,3
meqsum_0056,9e2b93e0b1efd65a,5.948,8.4,30.952,42,5
meqsum_0057,fb9689752f6094e2,13.451,28.0,0.0,28,1
meqsum_0058,0b1e2c9c616258c9,6.744,17.5,5.714,35,2
meqsum_0059,a2695d780e4c9a69,14.072,14.5,18.75,29,2
meqsum_0060,90e5e824a76a1f9c,5.362,10.5,19.048,21,2
meqsum_0061,64a4bc92b1d7cbad,8.379,11.286,14.943,79,7
meqsum_0062,6cc76c6ff0ceb58b,6.429,12.667,14.035,114,9
meqsum_0063,a54fbd221e534e1d,33.184,84.0,15.476,84,1
meqsum_0064,29654dc39e438e82,10.38,25.25,7.692,101,4
meqsum_0065,7d66d91e65d4e28c,3.65,10.0,10.0,20,2
meqsum_0066,0720649db149feb1,3.576,7.0,9.677,28,4
meqsum_0067,f58377921085334d,5.099,6.5,17.241,26,4
meqsum_0068,b4f1cd2f8301b77b,5.103,9.125,18.919,73,8
meqsum_0069,acae4afa33d2c6d2,10.862,21.0,26.19,42,2
meqsum_0070,cd72a72d84d6d10e,7.699,17.0,13.725,51,3
meqsum_0071,6316225caa39a0a7,8.088,13.0,23.077,26,2
meqsum_0072,10068fcdb430a8ce,7.522,12.154,15.094,158,13
meqsum_0073,a9bbce960c55a1c0,8.747,15.0,12.903,60,4
meqsum_0074,0c3102c71e3064a1,7.19,10.0,19.048,20,2
meqsum_0075,ed19eb7dd44267f0,8.411,11.0,14.433,88,8
meqsum_0076,037384913e23e908,10.1,24.5,10.0,49,2
meqsum_0077,5cb4174408728f22,13.288,34.0,17.391,68,2
meqsum_0078,3f2dcc6f90ba537c,8.494,19.571,13.571,137,7
meqsum_0079,65d8783df1cb3f59,0.805,8.0,18.75,16,2
meqsum_0080,77b8b267934f26c0,9.081,22.0,2.273,44,2
meqsum_0081,ae2d025d7524022e,0.942,8.625,15.942,69,8
meqsum_0082,818cc085bcfe464d,5.276,10.571,13.514,74,7
meqsum_0083,0cd6569cec4e5b61,2.543,5.0,10.526,35,7
meqsum_0084,d4780b3b77745a59,5.043,12.4,3.125,62,5
meqsum_0085,e9decf9af9cf3cdb,5.292,9.0,12.5,72,8
meqsum_0086,cd25e13ecfef7bd0,8.235,11.889,13.514,107,9
meqsum_0087,8e4a41b70f6ecdc0,7.282,12.0,4.0,24,2
meqsum_0088,7769b8af5c328b62,9.349,22.0,17.778,44,2
meqsum_0089,8983960e6b6e1254,-0.01,6.667,5.0,20,3
meqsum_0090,17bf7cf3e67d9a50,6.28,19.667,13.559,59,3
meqsum_0091,131f8b62e829adf5,3.361,7.333,18.182,22,3
meqsum_0092,a6fa1377a6667ba4,9.944,23.75,12.5,95,4
meqsum_0093,b93c8192463367b7,5.993,15.0,16.667,30,2
meqsum_0094,f122b73a5cc3bfe2,8.009,11.0,21.212,33,3
meqsum_0095,9386af4aeba200ef,10.399,22.75,10.87,91,4
meqsum_0096,58a47ec6c024bba6,5.4,16.0,18.75,16,1
meqsum_0097,eade5ac5091d2118,8.542,13.0,11.538,26,2
meqsum_0098,b6da2a8d81f4cd16,9.424,13.833,14.286,83,6
meqsum_0099,9e58df971f07c6e1,-0.498,7.0,19.048,21,3
meqsum_0100,8223ef3ea5f52509,1.468,6.5,15.385,26,4
meqsum_0101,e3a9c69da4090573,12.876,23.0,4.167,23,1
meqsum_0102,3bb442cfa605f49a,7.15,9.0,29.63,27,3
meqsum_0103,9a493af664aa7f96,8.516,18.4,9.574,92,5
meqsum_0104,0c692b56c72dc523,4.566,12.667,10.526,38,3
meqsum_0105,e2bbdd980ac95fb3,9.797,16.5,9.091,33,2
meqsum_0106,bc7812cc6b79fb3e,1.785,6.333,17.949,38,6
meqsum_0107,be220c35de12350f,4.255,11.0,18.182,22,2
meqsum_0108,264ed72e181a7716,5.683,7.0,21.429,14,2
meqsum_0109,efdfa626013651d1,7.115,16.5,17.647,66,4
meqsum_0110,088c6597e01ee238,9.874,23.4,16.529,117,5
meqsum_0111,c65d29832dcf04b1,3.645,9.25,10.811,37,4
meqsum_0112,0224d151c48a7aa3,3.095,13.0,0.0,26,2
meqsum_0113,7b817d713d3f3313,8.069,7.571,18.868,53,7
meqsum_0114,4d40402972da2f94,9.339,9.667,0.0,29,3
meqsum_0115,1c3e628e35005ef7,8.28,19.667,16.667,59,3
meqsum_0116,9fc045fa540da0d4,5.691,8.75,18.919,35,4
meqsum_0117,2159323ae90cf107,7.504,10.875,10.112,87,8
meqsum_0118,1634b9eb8cb796fe,5.642,14.333,18.605,43,3
meqsum_0119,1c84356e4aebec05,4.309,9.0,24.074,54,6
meqsum_0120,9338cfcd08a33003,11.243,27.2,3.676,136,5
meqsum_0121,b483913a36a1220d,4.791,8.25,24.242,33,4
meqsum_0122,961c0bb90427220c,9.618,16.5,17.647,66,4
meqsum_0123,d0289da9dcf5cc2e,5.093,8.444,11.111,152,18
meqsum_0124,34053ff3e7342bdb,4.76,14.0,14.286,42,3
meqsum_0125,7b56070db605457f,4.456,9.667,13.793,29,3
meqsum_0126,db2464b4a6e30a04,11.5,15.0,9.677,30,2
meqsum_0127,5c721b57354d12b6,11.325,8.5,47.059,17,2
meqsum_0128,f19965b828719aec,14.949,22.5,17.391,45,2
meqsum_0129,9881147ace2ebf15,5.21,11.6,8.621,58,5
meqsum_0130,e5a84fb5a25a148b,5.846,11.2,28.571,56,5
meqsum_0131,8ec5bc1b5047042e,6.126,9.5,15.789,19,2
meqsum_0132,bad8b3865dc3c1b1,7.368,9.5,31.579,19,2
meqsum_0133,de19fa4bf106bc3d,5.95,6.167,23.81,37,6
meqsum_0134,3f2ce2ad7a004f42,5.42,10.0,9.302,40,4
meqsum_0135,0919c531e75b35f5,7.784,15.75,12.308,63,4
meqsum_0136,b27607117637f066,8.211,7.0,7.143,14,2
meqsum_0137,2faea7aff8c85f00,8.666,17.667,15.517,53,3
meqsum_0138,afcfe4f6ecd89422,5.483,19.0,13.158,38,2
meqsum_0139,1f0fd2335ebba978,6.285,12.25,10.204,49,4
meqsum_0140,6d1a0d23d62c8850,13.952,21.0,14.286,21,1
meqsum_0141,e9ef185062b19363,7.819,18.0,22.222,36,2
meqsum_0142,3c9970e7f561c9b1,9.281,12.75,27.273,51,4
meqsum_0143,878b6bc9807ed6a6,6.069,17.5,11.429,35,2
meqsum_0144,165e1e525529dffc,4.527,9.0,22.222,27,3
meqsum_0145,0dfe410e5a770890,5.223,10.0,21.875,30,3
meqsum_0146,f050c4badbf89478,14.329,34.0,15.714,68,2
meqsum_0147,4a48fe48edc978d7,8.549,8.5,23.529,17,2
meqsum_0148,c6cc0adec8786ee7,4.332,17.333,9.615,52,3
meqsum_0149,38f19aa2b8f3be20,10.869,16.5,22.5,33,2
meqsum_0150,cea57fd83a4989a0,4.368,9.111,4.878,82,9
meqsum_0151,2e2ca2e8bc6e0138,4.043,10.0,5.882,30,3
meqsum_0152,dec443af16b91fca,22.588,59.5,5.0,119,2
meqsum_0153,6917dc6ebdcab534,10.166,18.429,19.549,129,7
meqsum_0154,750bdd44d43ef168,2.342,9.0,16.667,36,4
meqsum_0155,a4d49a879203a471,3.643,9.333,14.035,56,6
meqsum_0156,935553f85550b3ff,14.415,23.667,12.676,71,3
meqsum_0157,7a6e2a2fbc197815,14.436,15.5,29.032,31,2
meqsum_0158,54eaadd24bd9d740,4.975,6.4,35.294,32,5
meqsum_0159,e504355c888aff1c,8.763,10.0,20.0,30,3
meqsum_0160,dc1486f57cf8f1b1,4.563,14.75,12.903,59,4
meqsum_0161,232735e6b75df9a1,3.263,8.0,4.0,24,3
meqsum_0162,61667d5652f33120,3.558,10.75,9.302,86,8
meqsum_0163,4366d7777e01308e,7.18,13.0,30.769,26,2
meqsum_0164,f07b8a661ae5737a,7.78,10.0,25.0,20,2
meqsum_0165,6999e903a05b2f49,4.964,13.444,21.488,121,9
meqsum_0166,d9c55f917a09ccf5,14.353,10.5,18.182,21,2
meqsum_0167,4f3face656a57b83,4.306,14.5,6.897,29,2
meqsum_0168,92256f951b27d913,15.03,18.0,31.579,18,1
meqsum_0169,b209fdae5756258b,4.964,9.0,17.073,81,9
meqsum_0170,3e02dbfa88e066a5,12.138,17.5,16.216,35,2
meqsum_0171,3148be2259e1eef0,7.699,17.0,11.765,51,3
meqsum_0172,229a17a4ba5e3277,8.118,9.667,3.333,29,3
meqsum_0173,282d31b05c13c26e,12.413,12.5,26.923,25,2
meqsum_0174,907b3490b8073473,6.989,10.75,6.818,43,4
meqsum_0175,3d01f4685056cd79,16.108,25.0,16.0,50,2
meqsum_0176,d8f32b5144d1a718,6.504,12.75,9.804,51,4
meqsum_0177,d37b0519f4edebb9,9.967,22.5,17.778,45,2
meqsum_0178,df7cefa30c812e90,7.657,16.571,10.256,116,7
meqsum_0179,7fa8a2b06b723232,7.878,11.5,8.696,23,2
meqsum_0180,17a3e7c0aaffb7e2,16.028,17.0,17.647,17,1
meqsum_0181,1488bfd4ee97238a,5.907,9.231,18.182,120,13
meqsum_0182,90b67ccfddb8a4e4,5.934,14.5,20.69,29,2
meqsum_0183,3f494a8805cb41a7,5.393,13.333,10.494,160,12
meqsum_0184,a2b744831868c5ec,11.077,19.5,7.692,78,4
meqsum_0185,f960c81bc8eb7d15,5.643,12.0,16.667,72,6
meqsum_0186,8e7d03584c182614,6.726,13.0,30.769,26,2
meqsum_0187,78e2f9b49dc2bf60,8.032,18.6,11.579,93,5
meqsum_0188,20c60fc33c1ab42c,5.715,10.0,12.195,40,4
meqsum_0189,d98c51c4b60b9fed,4.818,10.167,16.393,61,6
meqsum_0190,e1a5d5b730244e0c,3.348,12.0,8.333,24,2
meqsum_0191,a9a9327f3c592e2c,8.976,13.6,10.294,68,5
meqsum_0192,de1873b6251e1cee,33.736,90.0,3.333,180,2
meqsum_0193,f37fc77c8dc73db6,4.332,12.0,6.25,48,4
meqsum_0194,472ce00c63b4f412,6.794,17.4,22.222,87,5
meqsum_0195,d7862de17bbe95c8,10.444,17.8,11.111,178,10
meqsum_0196,6945e14929da3cf2,4.437,10.0,10.0,60,6
meqsum_0197,f20e123a77ffbfb3,5.397,7.571,6.78,53,7
meqsum_0198,b4d3221f708f1180,7.457,12.5,10.909,50,4
meqsum_0199,071ae872a359064e,5.365,13.0,17.857,26,2
meqsum_0200,45620165603cba80,5.21,11.4,30.508,57,5
meqsum_0201,3ce82417f43e585d,6.061,15.5,12.903,31,2
meqsum_0202,3fbb9e17aaf5eef7,17.153,30.0,16.129,60,2
meqsum_0203,5bd1f25e9e63ca14,7.57,14.0,14.286,14,1
meqsum_0204,63cb65891f3545ae,14.274,29.0,16.107,145,5
meqsum_0205,86c9e9c16a358295,7.848,25.0,8.0,50,2
meqsum_0206,2b75b0ea9b23b5fc,6.575,13.0,7.692,78,6
meqsum_0207,1df348c0c96b70d2,2.358,9.917,14.286,119,12
meqsum_0208,4c907c387484766e,7.1,16.143,11.504,113,7
meqsum_0209,7c2e3572c239ef4b,5.864,11.0,11.364,44,4
meqsum_0210,06e86bf32f066d9f,5.712,10.4,9.434,52,5
meqsum_0211,39aa261a2bc9ee1f,6.486,10.5,23.81,21,2
meqsum_0212,10f58a8c5278267d,4.795,11.333,0.0,34,3
meqsum_0213,0aeeedc4178eaf09,8.052,21.0,11.905,42,2
meqsum_0214,c90786f85e632ae3,1.828,7.286,3.922,51,7
meqsum_0215,10c896c45a43fa4a,5.849,11.167,10.448,67,6
meqsum_0216,bea7b66a518210a4,8.522,20.5,4.878,41,2
meqsum_0217,2a90237f442c5203,8.346,15.7,9.756,157,10
meqsum_0218,c342905a9bb43e31,10.14,16.75,8.955,67,4
meqsum_0219,224f378b7b3082a0,5.527,14.5,24.138,29,2
meqsum_0220,1b26bc909c3d1c32,4.95,13.333,15.0,40,3
meqsum_0221,117a5dd9281dcf0c,4.175,11.4,9.444,171,15
meqsum_0222,d1ba4a96366f72c0,5.056,11.5,15.217,92,8
meqsum_0223,2353bb672ea0ea40,10.965,27.0,7.317,81,3
meqsum_0224,a9fd763efb4c75d3,8.383,6.0,50.0,12,2
meqsum_0225,9f70faae67923899,7.858,17.2,9.091,86,5
meqsum_0226,f8ebdf1b407e5fb9,5.619,12.6,11.94,63,5
meqsum_0227,c1856c154d06f28d,11.453,6.5,30.769,13,2
meqsum_0228,4421ae7f494fb858,6.578,16.5,12.121,66,4
meqsum_0229,ca0527e14a7f0177,5.574,6.0,8.889,42,7
meqsum_0230,c36390a9e5af3a25,7.365,11.5,20.833,23,2
meqsum_0231,ebca753abb44ab1d,5.395,10.188,15.169,163,16
meqsum_0232,4c2f1c957292ac8e,12.378,32.0,16.923,64,2
meqsum_0233,8a483d6dce0271ad,11.834,15.091,8.0,166,11
meqsum_0234,a31c156516f3f04b,7.191,16.0,8.929,112,7
meqsum_0235,c90421e6c607e146,9.514,19.333,8.989,174,9
meqsum_0236,54fd289afaab6c75,8.019,12.0,23.529,48,4
meqsum_0237,9d97e835917b59cd,7.361,12.667,2.632,38,3
meqsum_0238,93c53cc8be536d94,7.441,15.167,6.593,91,6
meqsum_0239,0248f203242cf4ac,12.08,18.0,20.27,72,4
meqsum_0240,5faee7a66f05ac1a,4.823,12.0,37.5,24,2
meqsum_0241,c3b212a75e21ef6c,5.641,15.118,7.925,257,17
meqsum_0242,3367ed55956fa5a4,9.273,12.889,20.492,116,9
meqsum_0243,d4df2580c82e9f33,6.236,19.5,12.821,78,4
meqsum_0244,1fb450093da37b3f,9.868,23.818,7.463,262,11
meqsum_0245,6e55421ae3b4ab9c,8.366,14.667,9.091,44,3
meqsum_0246,cae9d35e7af84f45,13.461,34.0,13.235,68,2
meqsum_0247,a66d4903cbeba1aa,4.876,12.667,18.421,38,3
meqsum_0248,d4df7a41a69b05ca,8.165,12.5,14.286,25,2
meqsum_0249,3c2b1b4e0c41c431,15.377,38.0,30.769,38,1
meqsum_0250,b7f311371d6d30ed,4.791,11.0,22.727,22,2
meqsum_0251,8cb509a1257fcb09,10.206,21.0,12.121,63,3
meqsum_0252,e118ac1041742283,9.012,24.0,18.367,48,2
meqsum_0253,4e863413541c3457,7.333,14.714,16.505,103,7
meqsum_0254,63f669a6073ec7bd,8.723,22.0,8.955,66,3
meqsum_0255,4ce3e249074e8b9c,8.494,8.143,17.241,57,7
meqsum_0256,3e5976e6b932bf90,7.369,7.0,35.714,14,2
meqsum_0257,c444609c07db156a,12.073,20.0,5.797,60,3
meqsum_0258,9d91941383dbfe81,13.199,32.333,12.245,97,3
meqsum_0259,4fbd9477604e0ea2,2.445,9.833,10.0,59,6
meqsum_0260,e9cc688ea99e997e,5.558,9.25,10.526,37,4
meqsum_0261,4943b6c41bd03675,9.449,13.0,23.077,13,1
meqsum_0262,e67da6ddfd7a9a50,6.481,11.375,8.696,91,8
meqsum_0263,e2b98f41bfcd1f9a,6.074,12.571,18.182,88,7
meqsum_0264,e03b4e7c45e787d1,3.985,11.333,6.863,102,9
meqsum_0265,72d30a26a3176ee5,7.064,15.333,23.913,46,3
meqsum_0266,17f5b20d931c51ef,11.978,25.0,22.0,100,4
meqsum_0267,15a8885c733ebef8,5.967,21.5,4.651,43,2
meqsum_0268,1d1d0898bf72898f,5.415,13.0,8.475,117,9
meqsum_0269,5223d1fd86fab2ab,9.543,9.333,17.241,28,3
meqsum_0270,d09aa662dc1cca4c,6.914,6.5,15.385,13,2
meqsum_0271,014c5f8132861d04,9.299,13.222,18.033,119,9
meqsum_0272,c2bf684ebbc65742,8.461,16.286,10.435,114,7
meqsum_0273,df6c5099b41af9d7,5.177,14.833,17.778,89,6
meqsum_0274,5281dd7751103402,5.815,16.25,13.846,65,4
meqsum_0275,d22049a39b3bd0db,7.611,13.25,20.37,53,4
meqsum_0276,9f92f97bc0f6d388,13.296,27.0,18.519,27,1
meqsum_0277,904406b478654b8a,7.586,10.857,13.75,76,7
meqsum_0278,eb877d44c3abaad5,5.312,11.5,13.043,23,2
meqsum_0279,aae58bf2f970fd41,7.304,15.0,18.75,45,3
meqsum_0280,b6ecb6dc556d8ab9,8.957,16.647,14.634,283,17
meqsum_0281,650f6836ecff67f0,12.594,34.0,8.824,34,1
meqsum_0282,26a4d0c63b6cb801,7.346,19.0,15.517,57,3
meqsum_0283,02b792395d8fae75,6.126,9.5,9.091,19,2
meqsum_0284,341eb3470b769338,5.308,16.0,3.876,128,8
meqsum_0285,f8b9386eac8df8ce,11.631,14.5,6.897,29,2
meqsum_0286,a14a74bfa0db6b52,13.158,23.5,17.021,47,2
meqsum_0287,d33fca720bcf89f0,11.996,29.0,17.241,29,1
meqsum_0288,62648e9410c4e675,10.66,21.75,14.943,87,4
meqsum_0289,bb4cf7404f8ed49b,9.608,17.0,14.706,68,4
meqsum_0290,56c94b0d4a5ab8f7,14.402,33.333,13.861,100,3
meqsum_0291,b14bad2d920f0989,4.97,7.333,8.333,22,3
meqsum_0292,42a3c7a1c63f7bba,12.828,21.5,13.953,43,2
meqsum_0293,5d3daff6337da5ad,6.726,18.0,11.111,54,3
meqsum_0294,147e3bec2f4ecf5b,5.814,5.714,11.364,40,7
meqsum_0295,5c865972bca91431,4.736,12.692,12.048,165,13
meqsum_0296,632776a7021b86dd,6.812,11.8,14.754,59,5
meqsum_0297,6e00adb15132b354,6.504,12.75,15.686,51,4
meqsum_0298,b291a22e648d8eae,9.73,15.0,14.516,60,4
meqsum_0299,1ea7a097973b7eef,4.477,17.25,14.286,69,4
meqsum_0300,11d9cd0743bee828,5.857,13.667,9.091,82,6
meqsum_0301,d00d15492bb722c6,12.303,10.0,31.25,30,3
meqsum_0302,dbac912a879cd851,4.201,8.8,6.818,44,5
meqsum_0303,76dc6de25398ea1f,7.069,11.75,11.765,47,4
meqsum_0304,72bcce066daafc72,4.721,17.5,11.111,35,2
meqsum_0305,cfa3cfab9be5414d,4.791,11.0,24.444,44,4
meqsum_0306,27c0aab2a201fe59,7.613,16.0,18.75,16,1
meqsum_0307,d2cc4f3d6467b636,13.927,31.5,6.349,63,2
meqsum_0308,2a4ae417d4147dc9,5.459,14.5,12.921,174,12
meqsum_0309,15655c33c75bd626,12.609,28.0,14.286,28,1
meqsum_0310,e8c6501bc58dcafe,5.825,11.5,21.739,46,4
meqsum_0311,ca6135e0a26c333a,7.696,20.667,22.581,62,3
meqsum_0312,e36bc84b23ae1fb5,6.213,8.0,11.538,24,3
meqsum_0313,f61db336ff78853d,7.57,14.0,23.214,56,4
meqsum_0314,8e0c8860bc8a1829,10.873,23.333,11.429,70,3
meqsum_0315,555f1b72dc85ac07,7.956,8.333,12.0,25,3
meqsum_0316,373218290c4dc8d3,5.884,14.0,9.524,42,3
meqsum_0317,e7d61eb27bff55e4,8.782,14.5,16.854,87,6
meqsum_0318,bbabd4ddcf5036fa,3.467,6.0,13.158,36,6
meqsum_0319,430e7ecf1f3c1c75,6.592,14.6,13.699,73,5
meqsum_0320,dc96c3a2367e1544,6.22,20.5,17.073,41,2
meqsum_0321,9717910308027c8a,7.268,16.25,9.231,65,4
meqsum_0322,21cbb99de739cbe6,7.613,16.0,14.141,96,6
meqsum_0323,e08134f4ec080986,4.574,10.6,14.815,53,5
meqsum_0324,96b1b8970f748952,7.584,13.667,9.524,41,3
meqsum_0325,4d2453880a064ffe,6.44,10.75,10.0,43,4
meqsum_0326,ca3863bc22759843,5.584,15.667,27.66,47,3
meqsum_0327,737d92ba21e943f6,7.042,12.778,19.13,115,9
meqsum_0328,3ab4be28c28595e2,3.84,12.0,18.919,36,3
meqsum_0329,21590890942ec32a,5.845,13.5,14.545,54,4
meqsum_0330,c5d239d6237c9b02,5.149,3.667,42.857,11,3
meqsum_0331,6292a261f6a2ab59,4.813,15.0,6.667,30,2
meqsum_0332,c5bd5dd4686d41c4,8.964,14.429,7.921,101,7
meqsum_0333,34cb1a284ff7b100,5.185,9.2,10.87,46,5
meqsum_0334,cd5d25cd29b775d6,10.811,13.0,23.077,26,2
meqsum_0335,c84e6708e7ddb387,4.68,8.75,8.108,35,4
meqsum_0336,81908a048cd6903f,5.116,12.75,5.882,51,4
meqsum_0337,94b01b480c201cb5,4.306,13.0,15.385,39,3
meqsum_0338,4d0ef3c6d3020a00,2.278,7.8,5.0,39,5
meqsum_0339,9a11a52c9c56dde3,11.318,29.0,14.943,87,3
meqsum_0340,d1ca9116040fdb72,9.315,12.8,14.062,64,5
meqsum_0341,f90a22773e94fa93,5.233,12.4,12.903,62,5
meqsum_0342,0d990943de433ab5,6.4,11.0,17.391,22,2
meqsum_0343,34ba7b86b1b6260e,10.107,20.0,18.033,60,3
meqsum_0344,b8bbbb960eddb98c,4.748,12.3,12.097,123,10
meqsum_0345,4aba63dab45e99c7,10.282,18.5,8.108,74,4
meqsum_0346,59895b3b50da7b3f,4.248,7.5,8.571,30,4
meqsum_0347,b3048070d4c0a4b2,5.483,19.0,21.053,19,1
meqsum_0348,08181d6f4b060766,7.9,13.333,7.317,40,3
meqsum_0349,d7651c4e6a6060db,8.242,9.0,33.333,18,2
meqsum_0350,3f40f42bab57c2e3,5.04,13.0,10.753,91,7
meqsum_0351,384a614fedf07bb9,8.046,17.0,17.143,34,2
meqsum_0352,d40cd64dd51fca91,3.641,9.5,5.0,19,2
meqsum_0353,3b80ed79972e3619,5.414,8.0,11.765,64,8
meqsum_0354,182c8e06a00969ea,9.385,20.5,19.048,41,2
meqsum_0355,75a8ffa05a70c736,8.162,21.5,2.326,43,2
meqsum_0356,45c5ae04188638d2,8.416,17.333,15.385,52,3
meqsum_0357,94ea5252ada44127,6.368,12.6,14.062,63,5
meqsum_0358,9771c1511e0d5e3f,4.121,10.2,3.846,51,5
meqsum_0359,d547c21b5e9c66da,3.676,10.5,4.762,42,4
meqsum_0360,4dc7da917d6be299,2.646,5.5,27.273,11,2
meqsum_0361,2e8024b8e0fdff7d,27.896,72.0,12.987,72,1
meqsum_0362,cb2f978ddd7ed784,7.57,14.0,13.636,42,3
meqsum_0363,c0be7004faaaeed8,13.389,23.0,17.391,23,1
meqsum_0364,4ee222a24f5b638b,7.482,21.25,4.07,170,8
meqsum_0365,ca7cb31a34e07c3e,8.009,11.0,22.727,22,2
meqsum_0366,33525039b969e262,14.899,39.0,5.128,78,2
meqsum_0367,6009afc4c2846ee5,15.369,30.286,16.981,212,7
meqsum_0368,d22adf0fde7c234a,3.82,11.857,13.253,83,7
meqsum_0369,42fe9e90f9f38901,8.649,17.857,10.4,125,7
meqsum_0370,e1f3512f81d7377f,4.028,9.0,18.462,63,7
meqsum_0371,21582e09353cb8c8,3.571,12.333,10.811,37,3
meqsum_0372,4e5980f707920567,4.89,12.8,7.812,64,5
meqsum_0373,410d08239a6d67ef,9.209,19.0,21.053,38,2
meqsum_0374,1ff73d58b1b96c06,7.367,16.0,14.583,96,6
meqsum_0375,1b75b5edeb546fd8,6.592,14.6,8.219,73,5
meqsum_0376,a647616b9b70658f,16.517,41.0,19.512,41,1
meqsum_0377,d4947fd54573f62e,11.029,23.0,14.783,115,5
meqsum_0378,30fced36cfad57b5,6.724,20.0,9.524,100,5
meqsum_0379,9e48a0f03ab140d3,3.916,9.0,24.444,45,5
meqsum_0380,aed31613fed9253a,11.265,13.0,15.385,26,2
meqsum_0381,ede7617058fa6ebd,3.826,7.625,14.754,61,8
meqsum_0382,5529fc71853db14d,6.402,18.5,10.714,111,6
meqsum_0383,52159841ae4cb620,11.124,22.667,26.087,68,3
meqsum_0384,ecf2a31a43688591,6.984,15.6,12.821,78,5
meqsum_0385,9a47c871d5809807,3.303,6.778,17.742,61,9
meqsum_0386,ad4aa10ebf1de739,5.081,10.5,15.556,42,4
meqsum_0387,29114dc7c76e5b01,8.172,10.5,21.739,42,4
meqsum_0388,85ef027b1396f006,7.991,14.0,21.429,28,2
meqsum_0389,dcd43e2f61655722,5.716,14.0,5.556,70,5
meqsum_0390,f6cb6d88d11db3ad,6.543,13.2,7.353,66,5
meqsum_0391,9424628c9bed46f0,17.969,49.0,18.367,49,1
meqsum_0392,fabb6d58bec48cfc,11.803,22.5,11.111,45,2
meqsum_0393,e4f206a799e79f54,8.013,19.5,9.494,312,16
meqsum_0394,dfef3050cd512503,5.642,11.1,6.25,111,10
meqsum_0395,f7e53536b7fe70e7,9.533,15.0,19.355,30,2
meqsum_0396,16171fe76fc0ea82,31.501,79.0,16.25,79,1
meqsum_0397,832990468c692878,11.13,14.333,18.182,43,3
meqsum_0398,f97b8bd05b6bebba,7.881,15.0,15.789,75,5
meqsum_0399,de3fb2beb4b8089c,6.7,17.25,17.391,69,4
meqsum_0400,08cff6430012c360,6.01,10.0,5.797,60,6
meqsum_0401,a487d58f85109505,8.4,18.75,18.421,75,4
meqsum_0402,47c4a17101e0bbb1,5.078,8.5,16.667,17,2
meqsum_0403,112f62487f9366e2,7.645,9.833,11.864,59,6
meqsum_0404,4a449e6ec50174c1,5.23,8.0,12.5,16,2
meqsum_0405,19b1ef403890b402,8.511,12.0,18.75,48,4
meqsum_0406,02fa04d1b76b1631,3.521,10.833,4.545,65,6
meqsum_0407,30cc0c4fed45eb71,8.848,15.667,8.333,47,3
meqsum_0408,5eaa82e66b44da77,20.568,45.5,10.989,91,2
meqsum_0409,07f6545e7b7da4eb,12.494,16.6,26.437,83,5
meqsum_0410,4b33a81676f58742,9.526,11.667,22.857,35,3
meqsum_0411,c50874be5816b7a9,5.315,12.0,20.833,24,2
meqsum_0412,dd21669bbc003295,5.239,9.25,16.216,37,4
meqsum_0413,1a2afe4a28ad7c06,6.294,15.333,12.766,92,6
meqsum_0414,51b198f0f5913c4b,9.542,15.8,11.25,79,5
meqsum_0415,aa0910b099de6b01,5.578,6.6,8.824,33,5
meqsum_0416,eb683692c7478266,14.52,33.333,13.861,100,3
meqsum_0417,3a0028b2b16cf095,5.907,10.625,11.494,85,8
meqsum_0418,4ed15c81c9fc1ff2,8.695,22.2,10.811,111,5
meqsum_0419,b289bf049ec6bcdc,12.836,11.0,8.0,22,2
meqsum_0420,4ad64a0305366094,8.173,12.857,13.333,90,7
meqsum_0421,960fe2dd5888a95e,1.785,6.333,15.0,19,3
meqsum_0422,7000bfc11e6037b4,4.652,8.333,28.0,25,3
meqsum_0423,02b133adb98e2d68,8.458,17.833,12.963,107,6
meqsum_0424,34101aa8a05aed44,13.458,33.6,11.243,168,5
meqsum_0425,a8da672706d60286,8.905,13.5,29.63,54,4
meqsum_0426,c2e466c0227866f0,16.401,28.0,21.429,28,1
meqsum_0427,3d412e770b0c5dc8,13.023,30.0,13.333,60,2
meqsum_0428,b7dc73b975b96990,3.445,9.833,21.667,59,6
meqsum_0429,e50e191c8fe434e7,4.731,8.5,5.882,34,4
meqsum_0430,909b417f173b22b4,5.478,17.0,14.118,85,5
meqsum_0431,d289ab787b6583c2,12.567,22.0,18.182,44,2
meqsum_0432,2e21da171e3c8aaa,8.345,15.5,12.903,31,2
meqsum_0433,e2a26af344bcea81,14.522,31.667,12.632,95,3
meqsum_0434,bfc10143220489ee,6.79,12.0,25.0,12,1
meqsum_0435,5d9993c46beb9130,9.618,11.0,26.087,22,2
meqsum_0436,4b3f1c24ae26f4a0,6.417,6.0,16.667,12,2
meqsum_0437,1b8fd9ee792e3b89,11.227,11.0,17.391,22,2
meqsum_0438,3fb433362c35153a,18.736,11.0,27.273,11,1
meqsum_0439,227e872379e0e8d4,7.012,13.444,12.397,121,9
meqsum_0440,8b90f00e028e42f8,13.739,31.5,12.698,63,2
meqsum_0441,3c7bca5700b3e081,6.01,10.0,23.333,30,3
meqsum_0442,4535bfbc9a44c1e5,4.549,10.667,12.5,96,9
meqsum_0443,9e29657c18b65154,9.243,8.5,35.294,17,2
meqsum_0444,f934d52fe9295bdc,5.968,8.0,25.0,16,2
meqsum_0445,b48dc485cbac478d,6.417,6.0,16.667,12,2
meqsum_0446,b55962e633228238,1.418,3.8,13.636,19,5
meqsum_0447,c001ee5df3ff9687,11.941,12.5,3.846,25,2
meqsum_0448,eab4d4b2b96dcde8,5.963,14.75,11.667,59,4
meqsum_0449,0cc345c493268baa,8.946,13.8,24.638,69,5
meqsum_0450,6f622cb549e2217e,6.78,15.0,16.667,30,2
meqsum_0451,3982d77b67b57fa3,10.208,25.0,30.769,25,1
meqsum_0452,6aca02ac98863514,6.068,8.333,10.0,25,3
meqsum_0453,4f4ebe8c0e0a70db,9.654,11.333,26.471,34,3
meqsum_0454,d199e616a4825f10,5.526,12.6,5.469,126,10
meqsum_0455,140250041f1e9166,7.282,12.0,25.0,24,2
meqsum_0456,0f6db7895410c31e,3.493,14.5,17.241,29,2
meqsum_0457,3c545f3b68cc0594,4.381,11.077,10.417,144,13
meqsum_0458,c2b091a5148e5849,3.997,7.0,57.143,14,2
meqsum_0459,fe1f572709165a9f,5.365,13.0,9.091,52,4
meqsum_0460,8f10bf9b29e4749e,14.262,25.143,13.812,176,7
meqsum_0461,8a7eab01b49b9483,6.055,5.667,15.789,17,3
meqsum_0462,7f0848a5a7d96784,6.103,10.8,22.222,54,5
meqsum_0463,ea5357eea0a1b374,4.862,18.333,5.455,55,3
meqsum_0464,b3c2170bfe63ddc9,2.658,7.75,16.129,31,4
meqsum_0465,38124e816b896112,10.976,22.6,15.929,113,5
meqsum_0466,9a2fc4dc91d0d72f,8.694,12.25,12.245,49,4
meqsum_0467,b3761d558b1706c6,5.818,13.0,15.385,13,1
meqsum_0468,39338da9b68b1ed2,9.141,23.5,9.574,94,4
meqsum_0469,816be18d60e441ff,5.772,8.5,38.889,17,2
meqsum_0470,c14c55d30a4a7beb,7.255,16.125,6.202,129,8
meqsum_0471,424c255e6fe1dea9,5.151,12.0,8.333,72,6
meqsum_0472,977c444c0f4ba8c7,12.69,12.0,7.692,12,1
meqsum_0473,5388dc142c840eab,5.433,6.0,25.0,12,2
meqsum_0474,3f07305b2053ad42,6.936,13.75,16.071,55,4
meqsum_0475,bc8a4c894f43e36c,6.944,13.25,21.818,53,4
meqsum_0476,f4c7e584b1323a99,4.286,11.5,17.021,46,4
meqsum_0477,c73fb236d844fb09,5.933,19.5,25.0,39,2
meqsum_0478,3bc2a7462e9b60f1,7.834,13.25,28.302,53,4
meqsum_0479,480e16f1c0fe4de0,4.934,8.167,8.163,49,6
meqsum_0480,00fb7f80411b4a8d,4.746,9.0,6.78,54,6
meqsum_0481,3fa2e88825524ba0,4.076,11.0,24.242,33,3
meqsum_0482,720a47364a4a2422,7.029,16.429,13.913,115,7
meqsum_0483,60702bb9f999edae,10.754,22.5,8.889,45,2
meqsum_0484,b378a58f29088a4d,15.533,38.0,12.987,76,2
meqsum_0485,3cef650562a9b8af,11.105,20.364,18.222,224,11
meqsum_0486,bfcfdad59f55fd1d,7.772,11.688,13.904,187,16
meqsum_0487,9b5c8b30b96a3e41,2.124,9.0,11.864,54,6
meqsum_0488,961da52f04429b51,7.61,10.5,14.286,21,2
meqsum_0489,a914b81a698d6029,4.566,12.667,38.462,38,3
meqsum_0490,7f92de69382a7bb6,11.947,26.0,8.974,78,3
meqsum_0491,34e2c8d8680ca859,7.042,15.0,16.304,90,6
meqsum_0492,a60f8446b630ae2c,9.878,25.2,10.317,126,5
meqsum_0493,49e1d0fd8e0db725,8.177,11.667,28.205,35,3
meqsum_0494,6ba3f1ab4204b1b5,8.93,16.889,21.935,152,9
meqsum_0495,61eb210779928de9,7.578,13.8,18.571,69,5
meqsum_0496,51c69e621f122df4,4.47,8.571,7.937,60,7
meqsum_0497,251dcb5814e5ae13,10.713,15.0,22.222,45,3
meqsum_0498,eebd0ed1559df51b,4.314,9.778,13.483,88,9
meqsum_0499,bb830fa64cea718d,5.864,11.0,18.182,11,1
meqsum_0500,a3b9a699c88e7c82,1.573,11.0,5.882,33,3
meqsum_0501,e0ceb432a185c684,5.759,10.333,13.889,62,6
meqsum_0502,d3767c809b1095e1,6.034,10.857,15.789,152,14
meqsum_0503,12c5c86d722ec6cc,4.247,8.0,20.833,24,3
meqsum_0504,320ddaa992c747e0,9.39,18.667,12.281,56,3
meqsum_0505,53484a61dad5bd64,3.89,12.333,8.108,37,3
meqsum_0506,5e94981bbc0fadb3,6.985,12.5,16.0,50,4
meqsum_0507,6176303fab78e166,4.814,12.625,10.837,202,16
meqsum_0508,0fac813c39e0731f,10.593,26.667,8.75,160,6
meqsum_0509,2e063cb72fed9209,6.389,13.375,16.822,107,8
meqsum_0510,72e59369c7bfe77b,6.256,15.0,13.333,45,3
meqsum_0511,0b33e94b71b3421e,8.705,13.1,16.031,131,10
meqsum_0512,c6c7b2c191cafab7,10.559,9.667,13.793,29,3
meqsum_0513,8bc2e3034920eea5,5.95,10.333,3.125,31,3
meqsum_0514,ec89c5c368b505c0,7.583,10.0,10.0,30,3
meqsum_0515,c7bd6affc82b4d6d,5.835,13.333,20.0,40,3
meqsum_0516,3f11f79eb1bd6a3c,6.236,19.5,28.205,39,2
meqsum_0517,925966794584f04c,6.276,9.0,15.789,18,2
meqsum_0518,3130205b60f71184,7.345,22.5,11.111,45,2
meqsum_0519,079ce01cb1808675,8.278,12.4,8.065,62,5
meqsum_0520,9a3e118877b38e38,10.584,31.0,9.677,31,1
meqsum_0521,f465449f38cab95b,9.375,13.333,27.5,40,3
meqsum_0522,4ca097ea82b692f4,5.239,9.25,18.919,37,4
meqsum_0523,ba302546dbd4c51b,7.918,11.333,17.647,34,3
meqsum_0524,05feed2d3cf17101,8.719,16.0,31.25,32,2
meqsum_0525,6a864b8ff24ab906,9.779,17.667,22.222,53,3
meqsum_0526,e8b1af6704c20f7c,4.612,11.8,6.667,59,5
meqsum_0527,fe52a4acfb0b8b53,5.429,8.889,10.345,80,9
meqsum_0528,07b9cd6cffab7703,4.791,11.0,13.636,22,2
meqsum_0529,60bc27cf71e3dbe8,9.13,18.0,13.889,36,2
meqsum_0530,afe61d3f93f00eed,5.424,11.2,8.929,56,5
meqsum_0531,8470de7d64094afb,2.553,10.5,23.81,21,2
meqsum_0532,64d15993b2b52866,6.341,14.5,13.559,58,4
meqsum_0533,0b6983ead47da3f1,6.509,11.5,14.493,69,6
meqsum_0534,90be07934b3bfaed,7.968,14.5,6.897,29,2
meqsum_0535,5a968de2d4154f98,9.601,15.667,19.149,47,3
meqsum_0536,bfcffbaecf21d617,7.257,12.667,10.169,114,9
meqsum_0537,af871cc0a6c1f09f,5.804,12.429,16.092,87,7
meqsum_0538,70d4705ea1e476f3,13.592,28.0,20.238,84,3
meqsum_0539,04aae02b23366d4a,10.933,19.75,11.25,79,4
meqsum_0540,7f2db4b990d11615,2.28,8.0,29.412,16,2
meqsum_0541,980f254229411ffd,9.937,8.5,23.529,17,2
meqsum_0542,3347ccfc575213a0,3.897,7.333,15.909,44,6
meqsum_0543,71a9e71c5130d9c5,13.891,14.0,23.333,28,2
meqsum_0544,8f8efba54ee6b4d3,9.084,12.0,20.513,36,3
meqsum_0545,65fdbb8c4fc90923,5.415,13.0,12.821,117,9
meqsum_0546,2bcd680bde77c43f,6.739,12.667,18.421,38,3
meqsum_0547,70d8d8dfbd8f7bad,1.88,10.0,15.0,20,2
meqsum_0548,2439ac779ef412d6,11.694,19.0,7.895,38,2
meqsum_0549,999270b1514c7ac5,9.806,19.5,14.428,195,10
meqsum_0550,bfc7bb413854f249,7.616,13.2,16.901,66,5
meqsum_0551,53da94656b0bd95b,5.257,13.444,13.008,121,9
meqsum_0552,f6fb6c029d9827fc,13.946,17.0,17.647,17,1
meqsum_0553,fd8c36a350cedd26,6.867,11.4,22.807,57,5
meqsum_0554,40512e118ce45802,6.705,8.0,31.25,16,2
meqsum_0555,f168a4897547ab3d,10.443,11.5,12.5,23,2
meqsum_0556,c8c1c2e442a135d5,5.514,9.667,14.384,145,15
meqsum_0557,ef640a202635a74d,4.559,7.0,23.81,21,3
meqsum_0558,99815584741d1dd6,7.012,11.8,6.667,59,5
meqsum_0559,79f8403f2a1f46e1,10.525,12.5,20.0,50,4
meqsum_0560,7bd902d1d83858ff,9.231,20.571,12.245,144,7
meqsum_0561,5c6d18e270a8d49d,4.443,11.875,14.583,95,8
meqsum_0562,2d487bcb8cd5c506,9.924,26.286,12.5,184,7
meqsum_0563,7c2d85e51d9a191b,8.932,9.667,11.864,58,6
meqsum_0564,3a7001f6b92f86f0,5.964,10.25,7.317,41,4
meqsum_0565,06cf5b278db72ba8,8.203,16.0,19.277,80,5
meqsum_0566,eb102e61e7ffb3e0,6.099,15.75,7.874,126,8
meqsum_0567,87f33449ee614076,4.773,4.667,28.571,14,3
meqsum_0568,daff809f69db1792,7.562,14.5,27.586,29,2
meqsum_0569,4c9b3eef14c8e11f,5.12,14.5,6.897,58,4
meqsum_0570,b244c810850ed85f,6.704,11.333,17.647,68,6
meqsum_0571,afeacfcc188e2ae5,10.197,21.667,16.541,130,6
meqsum_0572,a5715f65e8728350,5.683,7.0,26.667,14,2
meqsum_0573,7861ef0fe24b9c64,8.678,15.944,8.276,287,18
meqsum_0574,3568e382194e7a41,8.488,18.7,13.757,187,10
meqsum_0575,75d681e54e873398,11.964,13.5,14.815,27,2
meqsum_0576,2f2897187b5abbd7,8.827,11.75,16.667,47,4
meqsum_0577,ae1fe42b744b8489,5.112,13.0,7.377,117,9
meqsum_0578,1460a7661de3a6be,6.705,8.0,37.5,8,1
meqsum_0579,1681e22eca9d23fe,16.154,38.0,10.526,76,2
meqsum_0580,cd4ab8ed3b31d287,8.798,19.556,11.111,176,9
meqsum_0581,6668f7a8ca4bdd4b,8.5,7.857,21.818,55,7
meqsum_0582,5c47747b78656a80,5.807,12.0,16.667,24,2
meqsum_0583,c50ff7911f8d91fe,4.701,18.5,16.216,37,2
meqsum_0584,35733dac2757b9f6,29.459,66.0,21.212,66,1
meqsum_0585,b2154fd641d48518,5.812,9.8,20.0,49,5
meqsum_0586,537feee759943e47,10.142,15.333,23.913,46,3
meqsum_0587,ee19ca739073ff74,11.497,18.667,10.526,56,3
meqsum_0588,da7700aa26070081,5.924,10.5,23.81,21,2
meqsum_0589,72f3dff65cbbf7df,8.545,11.0,31.818,44,4
meqsum_0590,0def5b6183dbf98c,13.782,24.333,17.808,73,3
meqsum_0591,8b0f736f0068ef98,16.551,36.333,13.514,109,3
meqsum_0592,1a9aad1b65283dd5,20.314,47.0,18.75,47,1
meqsum_0593,3e84edf191e5e9bd,6.424,13.0,10.256,39,3
meqsum_0594,9d6b7f567071c628,9.311,13.667,26.829,41,3
meqsum_0595,53fbbea8a2ac7c2a,1.29,10.0,0.0,20,2
meqsum_0596,d0eae61b9b64b92a,8.823,18.714,10.606,131,7
meqsum_0597,c111630da415af04,9.447,19.333,10.345,58,3
meqsum_0598,c7b4df85327a517e,10.326,25.0,17.0,100,4
meqsum_0599,209f79c67cc8e091,11.584,16.5,5.882,33,2
meqsum_0600,712a70c0fab79a48,6.755,9.6,5.405,144,15
meqsum_0601,1e632f4bb559ec44,12.255,32.0,8.333,96,3
meqsum_0602,5578e00ace34cf60,12.676,8.333,4.0,25,3
meqsum_0603,0808aa1499617633,7.996,6.333,10.526,19,3
meqsum_0604,50c9efc67ac71dc1,3.653,9.0,13.58,81,9
meqsum_0605,8629f8f07aefc1c3,11.941,12.5,32.0,25,2
meqsum_0606,6d258aa907e88706,6.104,11.25,4.444,45,4
meqsum_0607,db12f6fc1261a168,10.368,29.0,3.448,29,1
meqsum_0608,e6fd4d8f35af318c,12.396,28.333,18.824,85,3
meqsum_0609,c244780229348751,1.573,5.5,18.182,11,2
meqsum_0610,67e82f74f6585e66,14.445,11.0,21.739,22,2
meqsum_0611,0e2a260e3bae3978,5.924,10.5,23.81,21,2
meqsum_0612,bbddca3f8b390929,12.605,8.0,55.556,8,1
meqsum_0613,3613e0cdbdcf7921,4.238,10.5,30.435,21,2
meqsum_0614,3b87f1f434caba09,4.262,9.5,21.053,38,4
meqsum_0615,5c6283a9b07bcec2,9.797,23.0,7.246,69,3
meqsum_0616,c963aebea62a9061,3.643,9.333,17.857,28,3
meqsum_0617,442d8920af3a97ad,7.788,7.5,20.0,15,2
meqsum_0618,cc39b6c3266c4ad6,7.069,15.143,8.333,212,14
meqsum_0619,91f8f7a229b6355e,7.036,19.0,10.256,38,2
meqsum_0620,67e3248a912dee2e,6.899,11.2,19.672,56,5
meqsum_0621,1e2c908bddf1665c,11.278,22.5,15.217,45,2
meqsum_0622,9353cb0857baafcc,4.964,9.0,25.0,36,4
meqsum_0623,e176716a246bffef,15.991,6.5,0.0,13,2
meqsum_0624,0cf82bb327e7e2c7,3.946,9.75,12.821,39,4
meqsum_0625,f6957b4dc9e5890f,0.56,6.5,30.769,13,2
meqsum_0626,7551b996c7aaffb3,9.412,19.5,20.0,78,4
meqsum_0627,ee5a765e970ea63e,7.173,15.0,20.0,30,2
meqsum_0628,25a69127884c2b8b,5.44,4.0,8.0,20,5
meqsum_0629,a3877b792de55481,4.247,8.0,12.5,24,3
meqsum_0630,a56c11eedd6b113d,6.955,17.091,15.426,188,11
meqsum_0631,117da3dc53640f34,8.813,22.0,19.565,44,2
meqsum_0632,c366fda493a5383c,6.649,15.0,4.444,90,6
meqsum_0633,7593bcdead91f753,16.64,7.0,20.0,14,2
meqsum_0634,3d9e15f02429c26e,6.617,16.75,14.815,134,8
meqsum_0635,be42f4ac982d1275,6.749,12.5,16.0,25,2
meqsum_0636,a82fcb69254addd4,9.248,12.0,29.167,24,2
meqsum_0637,7e3cebc0cc3832e7,7.853,10.333,9.677,31,3
meqsum_0638,8e390a02568d0545,7.55,20.0,40.0,20,1
meqsum_0639,9757e79d0acbcd11,7.991,14.0,10.714,28,2
meqsum_0640,7c731636e1245898,5.148,11.0,15.152,33,3
meqsum_0641,2142f5b902a6d738,6.322,11.172,12.923,324,29
meqsum_0642,e2a83c831826d45f,7.04,8.75,11.111,35,4
meqsum_0643,c2df2fa7afe1e64d,5.76,15.043,8.964,346,23
meqsum_0644,f544639d40cde9a7,8.905,13.0,12.308,65,5
meqsum_0645,6efa16b080625707,9.364,18.714,12.593,131,7
meqsum_0646,e3d5e1db1d805ade,10.978,24.0,29.167,24,1
meqsum_0647,0f30dc0e2bd7d738,5.258,12.8,24.242,64,5
meqsum_0648,65f9648ca48f103d,10.731,14.0,8.955,56,4
meqsum_0649,b71715300ded6b64,5.5,14.3,14.685,143,10
meqsum_0650,e65597ebed6837f5,9.283,15.75,15.873,63,4
meqsum_0651,0333fc330fd66c4a,7.198,12.75,17.647,51,4
meqsum_0652,1588c89077dd5175,6.508,18.0,15.556,90,5
meqsum_0653,c925fb98e3b1fba7,3.755,8.0,12.5,16,2
meqsum_0654,e90215ccf4ee0fab,8.088,12.4,12.698,62,5
meqsum_0655,dd70fdb5224efe00,18.444,36.0,25.0,36,1
meqsum_0656,6467d39f09136d56,8.504,17.375,4.895,139,8
meqsum_0657,dcecdc1f02592b14,6.53,15.6,12.821,78,5
meqsum_0658,35191f4cdaba0fdf,11.52,9.0,33.333,18,2
meqsum_0659,9f9b6de923e9429d,6.551,15.333,20.833,46,3
meqsum_0660,8b5eb5efb1458c91,9.817,20.5,18.293,82,4
meqsum_0661,6a4b77b744041131,9.575,8.667,7.692,26,3
meqsum_0662,96c3a0315575895a,10.864,9.0,44.444,18,2
meqsum_0663,6f495166fe1daecb,2.365,12.0,8.333,24,2
meqsum_0664,af9264f9458cef80,3.69,8.5,23.529,17,2
meqsum_0665,4c0543ae50712a67,6.529,14.25,7.018,57,4
meqsum_0666,ae9f49b8c2f409b7,2.507,9.455,6.731,104,11
meqsum_0667,cf0d1e06ab04ea8c,7.403,10.25,9.756,41,4
meqsum_0668,ff359905b98bd388,8.347,15.333,15.217,46,3
meqsum_0669,a0d0159477820305,4.823,12.0,18.333,60,5
meqsum_0670,c59483860b883e3a,3.467,6.0,33.333,12,2
meqsum_0671,febbb2e66217a1ba,10.963,14.75,18.333,59,4
meqsum_0672,1e1ed9cb3e24194b,8.052,21.0,11.905,42,2
meqsum_0673,fc37a172edffcd0e,4.83,10.0,25.0,20,2
meqsum_0674,8636d44e7c0b3cc3,12.3,11.0,27.273,11,1
meqsum_0675,b771e7934f365485,8.542,13.0,11.538,26,2
meqsum_0676,e158160b7a85b7db,3.718,8.25,21.805,132,16
meqsum_0677,4b4e8fd75ec1cc73,5.489,11.333,8.824,34,3
meqsum_0678,84ebf754d1f05fd9,3.716,7.0,2.381,42,6
meqsum_0679,c016a47855b57a85,9.557,17.667,15.094,53,3
meqsum_0680,2c0913f3d81daaf5,7.577,15.333,8.696,46,3
meqsum_0681,8b03d5be8c09ed58,5.832,4.5,66.667,9,2
meqsum_0682,ae3668007a1b86f6,3.973,5.667,0.0,17,3
meqsum_0683,b87944b33b507f6b,7.967,19.0,31.579,19,1
meqsum_0684,042a557e67f6c6e1,5.872,17.111,10.968,154,9
meqsum_0685,67edd2f1b0ec7b1d,5.75,9.333,42.857,28,3
meqsum_0686,69b79a514b1db1d0,3.115,10.5,4.762,21,2
meqsum_0687,89a0a3703d55fe65,1.891,5.667,17.647,17,3
meqsum_0688,91dee1c26b1882c6,7.558,7.6,13.158,38,5
meqsum_0689,2344817411468846,4.435,5.4,28.571,27,5
meqsum_0690,a1c6ccec1778139d,3.963,9.25,8.108,37,4
meqsum_0691,a60686df3f5f6741,6.386,13.0,8.333,104,8
meqsum_0692,84fe5577508d29cc,10.232,17.333,11.538,52,3
meqsum_0693,bedf1d076d2bdaba,5.036,8.667,17.857,52,6
meqsum_0694,b3bf2061a91976ba,5.256,14.778,13.333,133,9
meqsum_0695,93a65002127b79e7,5.975,13.167,12.346,79,6
meqsum_0696,f5c0ab49b8749602,9.581,12.5,28.0,25,2
meqsum_0697,6a90d3c526ff5123,7.711,9.667,40.0,29,3
meqsum_0698,c29a8a9e97f592d8,6.282,13.5,8.621,54,4
meqsum_0699,2748613d7f555677,8.009,11.0,24.0,22,2
meqsum_0700,13533ccd1c1a0155,5.107,11.5,7.759,115,10
meqsum_0701,d21f637a848faaf1,5.213,10.625,16.092,85,8
meqsum_0702,b9cd9c044b6cff42,8.816,25.5,4.902,102,4
meqsum_0703,2851ec9d8aea8ef7,6.726,13.0,26.923,26,2
meqsum_0704,1cd52480d1c7509e,5.434,13.75,15.789,110,8
meqsum_0705,8ec47168dd9194ab,7.339,21.5,11.628,43,2
meqsum_0706,b5aeacaf95469847,-0.284,4.667,21.429,14,3
meqsum_0707,d5944d08699c01dd,8.841,16.333,7.843,49,3
meqsum_0708,f7278e5ae8d12fb5,7.258,13.2,7.576,66,5
meqsum_0709,ae0b41dad070eebb,15.142,20.5,24.39,41,2
meqsum_0710,e59b0156cad9c3d9,6.178,16.25,4.478,65,4
meqsum_0711,ac34e14d901549e9,3.068,7.5,13.333,30,4
meqsum_0712,f9e09705d1f75088,6.215,7.5,26.667,15,2
meqsum_0713,f208d78ddea766f0,5.63,19.5,7.692,39,2
meqsum_0714,d7eced1d6cb7a0ef,5.244,8.364,15.054,92,11
meqsum_0715,f4042d47ca895fb0,6.438,14.538,7.672,378,26
meqsum_0716,3a509c20f99198d7,4.721,12.667,10.39,76,6
meqsum_0717,f7f6a83b90093e36,0.517,6.0,16.667,12,2
meqsum_0718,f3eedbe525529ad3,6.763,20.0,3.279,60,3
meqsum_0719,ff0f00b4c2580301,0.913,8.5,0.0,17,2
meqsum_0720,5d4176dd76bf141e,5.863,22.0,22.727,22,1
meqsum_0721,eb73d380779799d6,5.059,15.25,8.197,61,4
meqsum_0722,0bab49f3ee3cfd08,7.255,20.0,22.5,40,2
meqsum_0723,a8d8e844035be442,10.122,18.5,17.5,37,2
meqsum_0724,879d8aeece79e8af,10.249,20.5,18.605,82,4
meqsum_0725,448a291851e04764,9.111,17.667,15.094,53,3
meqsum_0726,1768186b7cf1148b,6.543,13.4,17.91,67,5
meqsum_0727,9c2522b7d891f0c7,6.165,14.0,13.636,42,3
meqsum_0728,6cfb7119d04f565f,17.241,38.0,17.949,38,1
meqsum_0729,64bb0c99760dcba3,12.845,9.833,18.919,59,6
meqsum_0730,a5a5a7994c1665ab,6.282,13.5,16.049,81,6
meqsum_0731,acf8ca31033c96dc,9.995,24.0,20.833,72,3
meqsum_0732,3020ee77899cb17f,18.554,6.333,21.053,19,3
meqsum_0733,0ff4220819650bd3,18.415,40.5,3.704,81,2
meqsum_0734,38cc6f2e88f3fb2b,8.162,17.0,9.804,51,3
meqsum_0735,7921ca27bdc21bd9,8.265,12.0,12.5,48,4
meqsum_0736,8287dd9e4db5fb30,13.372,16.5,22.222,33,2
meqsum_0737,b8ec009b9028e2da,8.528,18.5,12.821,74,4
meqsum_0738,7bc6899a30e0f4f3,12.172,13.0,14.286,13,1
meqsum_0739,3d67e85dbd9e4b12,14.102,24.714,12.921,173,7
meqsum_0740,2db3d948ea2652aa,8.939,17.818,7.805,196,11
meqsum_0741,3f407b2212dfdee2,12.299,22.0,10.204,44,2
meqsum_0742,b000a229b427010e,9.231,9.5,15.0,19,2
meqsum_0743,8558326c7c1c3aca,7.14,5.333,16.667,16,3
meqsum_0744,f2cc424546051bdd,10.823,23.0,6.522,46,2
meqsum_0745,2fa818d7c856ddd0,3.455,7.4,16.522,111,15
meqsum_0746,6efa5a46765aa209,7.749,13.8,7.246,69,5
meqsum_0747,c2c8f773843a558f,6.974,11.444,9.524,103,9
meqsum_0748,1cb62837b80bf08c,3.893,9.4,6.383,47,5
meqsum_0749,f01c162fbda559e3,9.331,6.75,37.037,27,4
meqsum_0750,dd08b771bfd3998f,13.487,9.0,16.667,18,2
meqsum_0751,f8b61765da0c741f,9.55,10.0,14.286,20,2
meqsum_0752,2aad610795589868,6.403,10.0,15.625,30,3
meqsum_0753,e71095e20e76a204,8.091,15.0,10.87,45,3
meqsum_0754,4fb18eb8a42e9ae7,8.435,7.667,37.5,23,3
meqsum_0755,fb485dc44b7d7ebc,3.304,7.667,4.0,23,3
meqsum_0756,6ec230f6e54ff21f,5.216,11.1,15.789,111,10
meqsum_0757,16a0882feb2929a9,8.132,14.0,7.143,42,3
meqsum_0758,91c039b2041a99bd,6.544,15.0,7.895,150,10
meqsum_0759,427ca6e1312321d8,3.997,7.0,4.762,21,3
meqsum_0760,5658f86ae7f0ecd0,5.24,5.0,40.0,5,1
meqsum_0761,3bc6215bf87cedcf,12.276,27.0,13.415,81,3
meqsum_0762,f9992e5e5fe798f3,4.843,7.667,21.739,23,3
meqsum_0763,d1d6eb923109f33f,11.424,18.0,21.918,72,4
meqsum_0764,e65a12b6776fa500,1.5,6.0,25.0,12,2
meqsum_0765,7b873fba6edcd5ee,5.627,13.5,10.909,54,4
meqsum_0766,a0d08cce9777027d,11.074,19.333,13.793,58,3
meqsum_0767,56b21236697cdef8,2.524,10.333,22.581,31,3
meqsum_0768,09d06120d1de2aa5,8.261,17.5,7.143,70,4
meqsum_0769,fcf383dda62e383c,9.831,19.0,10.526,19,1
meqsum_0770,a72bab0c2cad830d,5.051,15.4,10.127,154,10
meqsum_0771,036d13b5851d51ce,10.199,18.375,12.925,147,8
meqsum_0772,bebd6c397e7032c9,6.836,18.727,3.865,206,11
meqsum_0773,9d0226f7430a0d4c,8.213,8.667,26.923,26,3
meqsum_0774,e18d75fc320231a2,6.338,11.5,17.391,23,2
meqsum_0775,f6e65283ea4b4059,2.35,6.667,15.0,20,3
meqsum_0776,790443fd56a54ceb,8.134,11.5,19.565,46,4
meqsum_0777,1e1867adbed5da6a,10.283,26.0,11.392,78,3
meqsum_0778,0e21ed8975868c62,8.839,14.8,10.811,74,5
meqsum_0779,6a6445cb74e058ad,6.747,9.5,26.316,19,2
meqsum_0780,a3520242b10eb208,5.864,5.5,18.182,11,2
meqsum_0781,80655135fe630742,10.3,21.0,27.273,42,2
meqsum_0782,2061ec07d66eaeb3,6.6,10.0,30.0,20,2
meqsum_0783,b46e4f8c91fc6662,8.963,14.75,22.581,59,4
meqsum_0784,8963fd1dde09c5e9,4.837,7.4,20.0,37,5
meqsum_0785,3bb6cbb485a58481,7.991,14.0,14.286,28,2
meqsum_0786,4427efe224af2c94,5.931,9.571,15.584,67,7
meqsum_0787,11597b93d69479c5,4.795,10.667,12.5,32,3
meqsum_0788,8eba8eb43395c1ca,7.794,13.2,9.091,66,5
meqsum_0789,d5d013d23c1d0a02,12.97,6.667,12.5,20,3
meqsum_0790,d5dfb306560869e3,6.425,13.333,9.756,40,3
meqsum_0791,2ce336ab01510e75,5.23,8.0,12.5,16,2
meqsum_0792,a1d2c7f88a75e36f,10.154,16.5,29.73,33,2
meqsum_0793,a76438f58b7f807e,7.212,11.8,19.672,59,5
meqsum_0794,df1ddb6e73f7db02,0.626,7.0,20.0,14,2
meqsum_0795,2465d86073313bdf,4.523,11.0,17.778,44,4
meqsum_0796,feb44f64fea7c349,4.434,7.333,18.182,22,3
meqsum_0797,211704b1fa116b3e,8.284,21.8,14.679,109,5
meqsum_0798,f296a95cd5039430,3.027,7.875,7.937,63,8
meqsum_0799,6db8ac215d889b9c,7.43,12.75,27.451,51,4
meqsum_0800,183926d1337cb51b,6.402,5.333,12.5,16,3
meqsum_0801,2541d10d47e9ae30,6.387,15.0,16.129,30,2
meqsum_0802,09bae93542085663,5.565,11.625,14.737,93,8
meqsum_0803,12951bcb91b2f400,9.226,16.4,14.03,328,20
meqsum_0804,6fa778b29503380f,6.15,8.6,15.556,43,5
meqsum_0805,6cab98dca5e196cb,13.373,11.0,4.348,22,2
meqsum_0806,f272a1c0651c3dce,0.52,5.0,17.857,25,5
meqsum_0807,df7ba8e55eda956b,7.273,10.5,12.381,105,10
meqsum_0808,fdc9d30455c98e66,8.138,16.667,11.538,50,3
meqsum_0809,55208033aeef2e28,7.852,10.8,33.929,54,5
meqsum_0810,8bca4c1b67249f59,10.52,14.0,25.0,28,2
meqsum_0811,10b1fb8d11294fa7,0.913,8.5,5.882,17,2
meqsum_0812,411e170dced07a16,12.402,25.5,5.882,51,2
meqsum_0813,a9795ef939cfcbae,2.653,11.833,16.901,71,6
meqsum_0814,9d28ac22672f787a,12.418,24.75,7.767,99,4
meqsum_0815,d328df9f6ee6198b,13.81,30.0,12.903,30,1
meqsum_0816,ddf197b7f1483e59,5.953,14.667,18.182,44,3
meqsum_0817,fea9ec39710790c5,9.581,12.5,22.642,50,4
meqsum_0818,d0981588e1c018bf,9.781,17.0,17.647,51,3
meqsum_0819,d6ecb78b7d67b9c2,7.151,11.0,23.214,55,5
meqsum_0820,e946cf88210a8914,5.95,10.333,12.903,31,3
meqsum_0821,82b8519bcf8e48b1,6.717,7.769,4.651,101,13
meqsum_0822,e24a59f1b1c3cef2,3.653,9.0,33.333,9,1
meqsum_0823,9e38d744b8211f98,5.011,10.167,19.672,61,6
meqsum_0824,b32e93bff4bff0df,5.354,8.75,17.143,35,4
meqsum_0825,47019c2a038ea3bc,6.965,12.2,16.393,61,5
meqsum_0826,dec1d8a45ddb27fc,3.997,7.0,14.286,14,2
meqsum_0827,9b4677d206d547c5,5.342,12.667,15.584,76,6
meqsum_0828,e3d27745e80352b8,6.705,8.0,0.0,8,1
meqsum_0829,6b7461b3c1487874,3.73,8.167,3.704,49,6
meqsum_0830,fe552bcdf6e217fd,8.444,15.25,17.213,122,8
meqsum_0831,a40c8a6bc20a757b,7.78,10.0,28.571,20,2
meqsum_0832,8f8bbf081d9926e3,7.436,9.333,13.793,28,3
meqsum_0833,7b1621c57d77c6ce,10.435,26.0,19.231,52,2
meqsum_0834,703fdd200ddaa846,6.516,13.385,13.714,174,13
meqsum_0835,155c0af789f6c968,3.211,7.6,9.524,38,5
meqsum_0836,fcb91e6b79b2bbf2,8.947,13.25,16.667,53,4
meqsum_0837,7b301c7845a19195,8.985,18.25,6.579,73,4
meqsum_0838,4a6cd256e9ff6cd9,11.008,28.333,5.882,85,3
meqsum_0839,d25bf4101796e0fb,7.4,13.083,10.127,157,12
meqsum_0840,3e8b14d60453b6dd,7.759,8.667,10.345,26,3
meqsum_0841,a9a67477ee234510,0.587,4.5,22.222,9,2
meqsum_0842,ec14cde3168f694b,6.748,14.5,20.69,29,2
meqsum_0843,42f579a40e64a57b,5.443,15.0,9.272,150,10
meqsum_0844,195d490f7d600b93,7.991,14.0,14.286,28,2
meqsum_0845,0d3609b0208d65e8,9.081,16.5,12.121,33,2
meqsum_0846,6a15185441729349,7.489,23.0,13.043,46,2
meqsum_0847,20a9fb9f6ed44997,9.441,17.5,18.571,70,4
meqsum_0848,0fe763044ea17526,4.228,17.0,17.647,17,1
meqsum_0849,7ba3b544fee045ce,5.365,13.0,26.923,26,2
meqsum_0850,d65a2ab322c00184,8.429,12.0,18.919,36,3
meqsum_0851,874ce8bfbcf1c3e1,33.681,74.0,18.667,74,1
meqsum_0852,24cef6714a535e5b,5.722,8.0,33.333,24,3
meqsum_0853,f901d900831eea96,14.683,7.8,23.077,39,5
meqsum_0854,b20ddedbcb2f28db,4.003,13.0,7.5,39,3
meqsum_0855,92de47dd13d8104a,5.124,8.333,18.0,50,6
meqsum_0856,033497261978cd1a,6.538,19.5,7.692,39,2
meqsum_0857,5c65827b03d091a2,17.125,33.0,8.571,66,2
meqsum_0858,b072a8091db788c3,7.917,15.222,10.145,137,9
meqsum_0859,72c58c17b1da8ef2,9.123,20.0,11.667,60,3
meqsum_0860,7403014503e034bf,3.356,14.0,0.0,28,2
meqsum_0861,0e86b626599bdf36,3.263,8.0,0.0,24,3
meqsum_0862,e9c0cfe413fb8554,5.22,11.0,15.517,55,5
meqsum_0863,49ed298f3cada43b,3.948,9.625,19.481,77,8
meqsum_0864,80b7f8bbf87ca958,11.868,8.0,12.5,16,2
meqsum_0865,9faa8fccb8c634be,7.784,16.857,7.627,118,7
meqsum_0866,da522da2e70421ae,7.118,12.6,11.111,63,5
meqsum_0867,7c797c8d8f7d2923,13.296,27.0,14.815,27,1
meqsum_0868,198d786134a97e1c,6.526,12.25,18.0,49,4
meqsum_0869,e15348648f549947,6.551,15.333,10.638,46,3
meqsum_0870,794fbbd668ced83d,7.878,11.5,17.391,23,2
meqsum_0871,3f07ffd4c7a4918d,2.342,9.0,11.111,18,2
meqsum_0872,3d252e860184247d,9.822,18.857,13.139,132,7
meqsum_0873,e61377680915329a,5.323,7.75,9.677,31,4
meqsum_0874,854fa27915ae7c25,11.957,9.0,18.519,27,3
meqsum_0875,ea67fb8ad85ff5aa,11.203,21.75,13.636,87,4
meqsum_0876,d269b28526e5bb1d,6.823,15.5,16.129,31,2
meqsum_0877,c5782c290bc30a84,8.401,12.5,12.0,50,4
meqsum_0878,698e30975a69b3e6,6.398,8.667,26.923,26,3
meqsum_0879,cf7d05af78fb6d7d,8.862,11.476,14.829,241,21
meqsum_0880,84af9e9bacd0cccb,9.512,8.75,15.596,105,12
meqsum_0881,4b269fda5625d94d,10.563,16.0,12.5,16,1
meqsum_0882,fd441d9a8e20f463,6.217,13.429,19.388,94,7
meqsum_0883,e471c1ffcac9a153,9.371,19.714,23.022,138,7
meqsum_0884,83e19589c7514eac,6.574,13.5,16.049,81,6
meqsum_0885,e0f0b9e631f7a361,8.386,14.333,14.943,86,6
meqsum_0886,40da656d7a77977d,15.649,30.5,29.508,61,2
meqsum_0887,3c22755781cde332,6.235,14.2,15.493,71,5
meqsum_0888,065372464eaabed9,7.153,11.25,15.556,45,4
meqsum_0889,e834504e652fbadd,7.83,14.667,22.727,44,3
meqsum_0890,c7112a4ccf3b50db,5.099,6.5,23.077,13,2
meqsum_0891,3680f13ad92df08f,3.963,9.25,13.514,37,4
meqsum_0892,a0bb9130a592584a,5.19,20.0,0.0,20,1
meqsum_0893,853a70b76f5074ac,8.995,13.0,20.253,78,6
meqsum_0894,7d4b583cb8c92a90,7.612,11.8,10.0,59,5
meqsum_0895,86345a9b5dfe9969,8.435,10.4,28.846,52,5
meqsum_0896,43daf1f647c2fed0,5.42,9.3,14.433,93,10
meqsum_0897,e31882faaeda276b,4.935,10.625,10.112,85,8
meqsum_0898,c2670986567f2616,4.384,8.5,17.647,17,2
meqsum_0899,71cdbc3612d63e22,1.873,12.0,25.0,12,1
meqsum_0900,903af86bbb905472,5.723,10.857,10.526,76,7
meqsum_0901,5a5ae769fb5075ad,3.65,6.75,13.793,27,4
meqsum_0902,8bddd6bdfba44e94,9.698,21.0,12.245,147,7
meqsum_0903,d856a03e3146f59b,6.545,13.0,14.925,65,5
meqsum_0904,f2526ae29569616e,8.366,14.667,11.111,44,3
meqsum_0905,ffc6bdd59bd6a7be,6.706,8.857,19.048,62,7
meqsum_0906,525d5c56763ef93b,10.396,23.5,2.128,47,2
meqsum_0907,e4cf131a388e2e29,3.645,9.25,16.216,37,4
meqsum_0908,388490b3d029fd52,6.115,8.0,0.0,40,5
meqsum_0909,1dce155817fe8283,11.54,22.778,18.841,205,9
meqsum_0910,48ebefcbd25c164d,4.791,7.714,16.129,108,14
meqsum_0911,9115037c3aa4aca0,9.564,19.5,2.5,39,2
meqsum_0912,13af65b2b02594de,7.398,12.333,13.514,37,3
meqsum_0913,2fe47849d954acaa,7.369,7.0,20.0,14,2
meqsum_0914,c8effd4b7188da46,9.556,20.333,11.111,61,3
meqsum_0915,2b7b10d43a34f450,3.718,8.25,12.121,33,4
meqsum_0916,c018fce629973d3d,6.277,12.5,16.0,25,2
meqsum_0917,3774168ad3893808,11.279,14.6,16.438,73,5
meqsum_0918,6d460602380d5760,6.852,11.5,21.739,23,2
meqsum_0919,86fdb7cb651ab040,6.674,16.333,8.163,49,3
meqsum_0920,44ed28c88984c7f1,6.72,13.333,12.5,40,3
meqsum_0921,a2dbd8ca015435c8,5.62,9.0,16.667,18,2
meqsum_0922,6032558ca0105569,5.4,16.0,11.25,80,5
meqsum_0923,0903c2e18a4def85,6.78,15.0,16.667,30,2
meqsum_0924,b342d3ec71fd9243,6.579,7.333,9.091,22,3
meqsum_0925,ef55be3fae9a205c,5.121,7.0,9.524,21,3
meqsum_0926,300bc27d756d49d9,6.68,19.667,16.949,59,3
meqsum_0927,3185d8c72826f012,6.764,12.286,17.442,86,7
meqsum_0928,e5ff1b52c1bb0715,3.855,7.5,6.667,30,4
meqsum_0929,beffd80289e2e539,9.456,16.0,12.5,32,2
meqsum_0930,f9993da641f787da,9.866,19.5,12.821,39,2
meqsum_0931,4f0cbb127327d2c3,4.911,13.0,15.385,13,1
meqsum_0932,e2faea17563604ab,12.868,31.0,24.194,62,2
meqsum_0933,252f384c0f5451f7,8.953,12.0,21.311,60,5
meqsum_0934,00b538c4d9d7eee1,15.958,39.0,17.949,39,1
meqsum_0935,f197332ad5b30fdf,10.354,16.25,11.94,65,4
meqsum_0936,fd52c9125113c3ac,7.755,17.5,6.604,105,6
meqsum_0937,32967338e62b978e,8.101,12.0,11.111,36,3
meqsum_0938,dd321b83190e665d,6.351,14.625,11.57,117,8
meqsum_0939,7c9182f66dcf95c9,3.84,12.0,41.667,12,1
meqsum_0940,f628595e0bb700f3,-0.467,6.0,25.0,12,2
meqsum_0941,3951b7cfa4183832,4.777,7.727,15.789,85,11
meqsum_0942,cc105c21cb067cfc,6.562,16.111,9.589,145,9
meqsum_0943,abe875470133b67d,4.27,14.333,16.279,43,3
meqsum_0944,bc341ab1282905fe,7.289,14.0,9.302,42,3
meqsum_0945,181e51cf13aac331,11.764,11.0,4.545,22,2
meqsum_0946,9104042cd0a8953d,9.738,21.0,14.286,42,2
meqsum_0947,f198b0985ea2ec1b,-0.67,8.0,25.0,8,1
meqsum_0948,315933816fee0e29,9.28,19.667,19.672,59,3
meqsum_0949,3950be75999ea634,9.487,15.5,19.355,31,2
meqsum_0950,01dacce101637594,9.484,18.5,16.216,37,2
meqsum_0951,74d710b5780fa8c4,7.645,9.833,8.065,59,6
meqsum_0952,a6dfa0f3bcdb620e,7.822,6.5,38.462,13,2
meqsum_0953,7fe9af9b97cac669,12.829,21.0,23.81,21,1
meqsum_0954,e55495d396db7ff6,15.686,18.0,16.216,36,2
meqsum_0955,1a3fc9b7c021d86e,4.45,6.0,8.333,12,2
meqsum_0956,89ecfaf723928c47,8.771,23.0,8.696,23,1
meqsum_0957,872bcdebcefd08f9,11.363,14.0,6.061,28,2
meqsum_0958,7459c578fa4f570f,10.229,22.5,11.111,45,2
meqsum_0959,9060c5617b1a5cd0,9.087,17.0,35.294,34,2
meqsum_0960,a9570c13d1a5da38,7.244,16.0,12.5,32,2
meqsum_0961,6a3a306bab1b1646,5.778,16.667,12.0,50,3
meqsum_0962,1a669356588e8b8d,8.18,8.0,12.5,16,2
meqsum_0963,b646860fd0999298,8.525,9.667,24.138,29,3
meqsum_0964,58cf35eaa05db358,5.09,9.5,8.772,57,6
meqsum_0965,2f9b1d85d2e4d153,9.601,18.667,14.286,56,3
meqsum_0966,379f7587a3caf2eb,5.073,10.308,13.38,134,13
meqsum_0967,8b3563f5c587f71a,3.095,13.0,0.0,26,2
meqsum_0968,2456d232df2bc4af,9.461,7.667,13.043,23,3
meqsum_0969,c34d4a209f65bc9f,7.212,12.111,12.5,109,9
meqsum_0970,cc5cbc1403bf65f1,9.511,13.75,7.273,55,4
meqsum_0971,9b943b4985492fba,1.683,10.0,13.333,30,3
meqsum_0972,be07d4a31e15d286,7.621,11.5,13.043,46,4
meqsum_0973,72c956c63d2dcf00,7.221,12.5,20.0,25,2
meqsum_0974,d0da8c318a737abb,8.026,7.8,15.385,39,5
meqsum_0975,6e89dba043a8a03d,3.69,8.5,35.294,17,2
meqsum_0976,96850b33a1ed0b4e,8.383,6.0,50.0,12,2
meqsum_0977,330e97148be9f043,11.306,26.375,19.249,211,8
meqsum_0978,158922d79e0c8a9e,7.258,13.2,10.606,66,5
meqsum_0979,461b0179d5b4cb85,6.165,10.75,11.364,43,4
meqsum_0980,ad24741253ba7705,5.27,9.667,3.333,29,3
meqsum_0981,bdaedb3f9bf94704,8.81,20.5,12.195,41,2
meqsum_0982,ab0a66a018aa04a5,4.83,10.0,9.677,30,3
meqsum_0983,401db39899b932e6,3.402,7.875,26.984,63,8
meqsum_0984,6568725111ab0cba,10.1,24.5,26.531,49,2
meqsum_0985,fe2ba5f3f52911d3,5.951,16.333,6.122,49,3
meqsum_0986,9c40d46fd0fc79d0,6.74,14.333,13.793,86,6
meqsum_0987,01597fe8b846f188,6.387,15.0,13.333,30,2
meqsum_0988,4f1681014b6cd93e,7.217,19.833,12.605,119,6
meqsum_0989,91bbbdf826af0628,5.1,10.25,14.286,41,4
meqsum_0990,3a86f52b59087c57,5.928,13.222,14.167,119,9
meqsum_0991,250f25b710291243,5.804,12.333,21.622,37,3
meqsum_0992,85ad9ea73d9dd861,7.365,11.5,8.696,23,2
meqsum_0993,93193e85e30caab4,3.69,8.5,23.529,17,2
meqsum_0994,0ebbe2703f4ff5aa,3.708,8.333,20.0,25,3
meqsum_0995,724e7f95dee64a90,7.83,12.375,10.0,99,8
meqsum_0996,d3f3b297ab46ed43,5.177,14.833,10.87,89,6
meqsum_0997,243d118f430af5e8,9.251,11.25,8.696,45,4
meqsum_0998,2261ec644e331c21,4.046,10.333,15.625,31,3
meqsum_0999,e66b0d86803bf308,7.283,18.667,8.929,56,3
meqsum_1000,96869e43a8bd6414,9.209,14.333,23.256,43,3
